keywords,industry,font
minimalizmas estetika švara,fashion,Inter
prabanga auksas elegancija,finance,Playfair Display
gamta ramybė žalia gaiva,healthcare,Lora
technologijos ateitis inovacijos,technology,Roboto
klasika istorija autoritetas,education,Merriweather
modernus stilius jaunatviškas,entertainment,Nunito
maistas skonis šeima šiluma,food,Raleway
architektūra linijos stabilumas,real_estate,Oswald
greitis logistika efektyvumas,logistics,Montserrat
gamyba jėga metalas industrinis,manufacturing,Roboto Condensed
tvarumas energija ekologija,ecology,Open Sans
konsultavimas pasitikėjimas tyrimai,services,Inter
bendruomenė pagalba viltis,ngo,Poppins
unikalu kūryba emocija menas,other,Pacifico
minimalizmas balta paprastumas,fashion,Inter
investicijos bankas saugumas,finance,Playfair Display
klinika sveikata poilsis,healthcare,Lora
dirbtinis intelektas kodas it,technology,Roboto
mokslas knygos žinios,education,Merriweather
kinas muzika šventė,entertainment,Nunito
restoranas kavinė desertai,food,Raleway
namai statyba interjeras,real_estate,Oswald
siuntos prekyba sandėlys,logistics,Montserrat
mašinos inžinerija fabrikas,manufacturing,Roboto Condensed
saulė vėjas perdirbimas,ecology,Open Sans
marketingas verslas strategija,services,Inter
labdara valstybė miestas,ngo,Poppins
hobis saviraiška spalvos,other,Pacifico
šviesa švara linijos,fashion,Inter
finansai teisininkas rimtumas,finance,Playfair Display
terapija joga natūralumas,healthcare,Lora
programavimas startupas debesys,technology,Roboto
kursai akademija mokymas,education,Merriweather
sportas žaidimai laisvalaikis,entertainment,Nunito
viešbutis virtuvė pusryčiai,food,Raleway
biuras nuoma butas,real_estate,Oswald
eksportas transportas laivas,logistics,Montserrat
pramonė detalės įrankiai,manufacturing,Roboto Condensed
miškas vanduo bio,ecology,Open Sans
reklama agentūra personalas,services,Inter
fondas savivaldybė asociacija,ngo,Poppins
improvizacija stilius fantazija,other,Pacifico
juoda balta mada,fashion,Inter
akcijos rinka analizė,finance,Playfair Display
vaistinė reabilitacija masažas,healthcare,Lora
duomenys saugumas tinklas,technology,Roboto
mokykla egzaminai diplas,education,Merriweather
koncertas teatras džiaugsmas,entertainment,Nunito
pica baras vynas,food,Raleway
sklypas kotedžas dizainas,real_estate,Oswald
sandėliavimas tiekimas kurjeris,logistics,Montserrat
statybos gamykla betonas,manufacturing,Roboto Condensed
aplinkosauga rūšiavimas,ecology,Open Sans
biuras susitikimas prezentacija,services,Inter
savanoriai parama pagalba,ngo,Poppins
žaismas spalvos džiaugsmas,other,Pacifico
aukštoji mada podiumas,fashion,Inter
auditas mokesčiai kapitalas,finance,Playfair Display
optika ligoninė slauga,healthcare,Lora
robotika automacija elektronika,technology,Roboto
seminaras paskaita projektas,education,Merriweather
festivalis klubas emocijos,entertainment,Nunito
kepykla gėrimai vakarienė,food,Raleway
vilos projektavimas renovacija,real_estate,Oswald
pervežimai terminalas srautas,logistics,Montserrat
procesai kokybė cechas,manufacturing,Roboto Condensed
saulės baterijos gamtosauga,ecology,Open Sans
verslo centras komanda,services,Inter
parama bendrystė kultūra,ngo,Poppins
eksperimentas menas vizija,other,Pacifico
stilius drabužiai aksesuarai,fashion,Inter
verslas pinigai strategija,finance,Playfair Display
odontologija grožis oda,healthcare,Lora
programos internetas sistemos,technology,Roboto
studijos žinių bazė,education,Merriweather
šokis renginys publika,entertainment,Nunito
kulinarija kava susitikimas,food,Raleway
investicinis projektas butai,real_estate,Oswald
didmeninė prekyba maršrutas,logistics,Montserrat
technika gamybos linija,manufacturing,Roboto Condensed
ištekliai atliekos ateitis,ecology,Open Sans
biuro nuoma personalas,services,Inter
organizacija taryba nariai,ngo,Poppins
rankdarbiai originalumas,other,Pacifico
minimalus dizainas prekės ženklas,fashion,Inter
draudimas rizikos valdymas,finance,Playfair Display
psichologija ramybė balansas,healthcare,Lora
startuolis kodo kokybė,technology,Roboto
profesorius tyrimas šaltiniai,education,Merriweather
pasilinksminimas cirkas,entertainment,Nunito
vegetariškas meniu degustacija,food,Raleway
architektas brėžiniai,real_estate,Oswald
tiekimo grandinė prekių judėjimas,logistics,Montserrat
sunkioji technika pramoninis,manufacturing,Roboto Condensed
ekologinis ūkis gamtos apsauga,ecology,Open Sans
kūrybinė agentūra konsultantai,services,Inter
ne pelno siekianti veikla,ngo,Poppins
kūrybinė laisvė,other,Pacifico